,,,
y,x1,x2,x3
0.172374829,1.031647545,0.45789281,0.627415369
0.492644494,4.168119578,0.356203807,0.536751979
0.902366881,91.48572666,0.187075988,1.774092642
17.1181489,41.85789126,1.244642859,1.894000345
70.26575796,43.01009735,1.949241952,1.162862041
39.61179856,77.31307731,1.20655741,1.420673844
139.9354809,95.71931374,0.69172828,0.16364879
13.0648656,63.21159504,0.34191431,0.282811042
2.339678635,2.474306901,1.611975171,1.373991537
26.08039838,9.13481143,2.824202984,1.39684168
110.0419225,70.2883223,1.216231288,0.472419
48.70640686,71.47991966,1.579885988,1.831552882
67.23543373,32.08253009,1.123204427,0.300994123
64.98516958,43.87686458,1.760609913,1.04644792
15.2271412,41.36360104,0.663902245,0.598657248
84.84825606,65.44972318,1.737102466,1.16381988
167.0425847,78.92199062,2.606082329,1.604416415
28.73574129,50.16283103,1.392763299,1.693106459
233.7185715,99.21587569,2.46064956,1.285160843
50.86372626,62.24011074,0.037648975,0.000867238
80.96100827,30.5299536,3.170331239,1.895088606
129.0986758,47.72990191,2.178634829,0.87742023
191.974628,85.43007978,1.664470942,0.61643802
146.6247025,52.50286498,0.364770717,0.023822416
98.12158568,63.94207416,2.014968058,1.322904513
57.26472415,45.71008562,0.487600956,0.094890768
6.182342209,31.03326924,0.180265729,0.081558801
25.37808881,9.626884261,0.737961593,0.103291447
46.04315712,39.43957751,1.798275206,1.384999052
92.99789521,94.06340443,1.851068956,1.73285719
29.79939679,39.96883243,1.351768423,1.225430223
16.98671001,80.84845817,0.687644462,1.125279413
11.41311147,35.14122495,1.071747245,1.768347421
20.86510877,24.00662493,1.575440947,1.427857005
65.51321534,51.59587334,1.418230275,0.792044462
162.832292,57.99717567,1.909116012,0.649084074
2.134567044,74.33828906,0.167939774,0.491111261
18.68288328,94.55957022,0.848427009,1.821631653
25.12379944,16.05529268,2.441135896,1.904087172
78.06305078,44.05883818,0.485757885,0.066588195
109.3662341,85.48818148,1.526181568,0.91034337
28.06759374,39.40686952,0.989413587,0.687214791
33.79474753,25.6121855,1.4113423,0.754800455
159.2887618,88.10282684,1.160120577,0.372203944
45.66480228,56.23865242,1.708289241,1.796991983
127.1285426,69.89238564,2.281392041,1.430726576
49.28788923,87.90631302,0.658670685,0.386889123
53.64055126,19.6617718,3.168540196,1.840000179
27.85471947,21.02370908,2.169028827,1.775461265
17.19042359,88.29075226,0.677041166,1.177141836
148.4366847,74.40921654,0.30473463,0.023275505
28.08820575,24.96027533,1.064680111,0.503655592
104.2470839,68.33041625,1.091101769,0.390167126
21.44150321,19.09085789,1.125057491,0.56349446
6.677604329,95.39034648,0.447714267,1.431711842
207.5972297,94.30868572,1.398946493,0.444531306
41.39952812,47.02567139,1.750225013,1.739792244
88.68327328,43.87699453,2.818943535,1.965793593
63.35621457,76.03697817,1.25463643,0.944585816
7.264319001,72.69286359,0.227591582,0.259166738
81.48225903,65.57403787,1.188052644,0.567950179
112.6991722,89.99955223,1.231277915,0.605343393
27.49101441,10.76118219,2.595278895,1.318278876
73.38642577,97.75384449,1.208610737,0.972883887
10.53477679,58.79940494,0.811126475,1.836093319
118.9439643,91.36869652,1.415088798,0.769116999
32.92848865,97.02604037,1.084713456,1.733470959
14.26456498,39.86667822,1.053461036,1.550809589
54.37671973,26.98588753,2.494150592,1.543615208
86.17801704,60.55789666,1.423164239,0.711630142
32.16299701,62.80685746,0.98030057,0.938294279
100.7614396,34.0801293,3.115733296,1.64171371
51.68128483,74.04910812,1.509538739,1.632469439
47.47716104,36.81994066,1.03258682,0.413448577
101.1057501,91.83950588,1.672338678,1.270200139
179.9051576,90.73617355,0.544645751,0.074805769
50.25760155,85.40923942,0.258286935,0.056686283
64.55112592,31.70487424,2.113910053,1.097400682
21.10998369,82.2148218,0.899291695,1.574828958
5.338886084,53.84473715,0.283090999,0.404124084
55.95532529,19.26012954,1.684959831,0.488615103
25.39286657,60.26884248,1.248011586,1.848367647
136.2073795,55.50831195,2.130053249,0.924502964
47.29641347,17.69968353,0.265951191,0.013234611
152.7155866,65.4241467,1.252430629,0.335994422
14.79134994,56.60397471,0.938679857,1.685947777
42.0723389,20.93199582,2.445458725,1.487663343
30.80960718,21.9981596,0.680918193,0.165523655
12.95064136,9.774487637,2.122437851,1.699975622
29.97772316,35.44991589,1.546717288,1.414517903
57.25347922,23.11296457,2.679020275,1.448691044
27.42756595,32.01132397,1.503672972,1.319450677
41.0125367,19.11086975,2.584696005,1.556513057
22.43044305,15.40795221,2.275061977,1.777720741
180.2291228,73.39012943,2.070193031,0.872578231
102.5069296,44.53478412,1.264598451,0.347393287
166.7303468,67.69330837,2.06103698,0.86232834
47.50432588,26.70747876,1.055889621,0.313405619
130.8906051,72.43948444,1.015927515,0.285602711
26.96285742,23.48781997,1.279366291,0.712913118
174.8635354,85.24919409,1.836327388,0.821980008
54.66074891,33.20230575,2.177667623,1.44027645
69.43890395,23.39159258,3.063030002,1.580263247
1.762108035,30.26643235,0.322754345,0.894628853
26.3012378,32.00497845,1.080665688,0.710549078
40.19931913,72.72408679,1.479517114,1.980019966
163.6704371,66.752835,3.107476398,1.969178814
106.9465402,42.21474544,3.102384172,1.899584388
199.8201285,66.93531142,2.476138457,1.026918338
60.88616761,60.05104498,1.068763656,0.563294212
55.08348492,32.54069504,0.454071735,0.060900991
227.7998102,90.97964428,2.081765,0.865414736
245.8900888,98.30895906,0.637111803,0.081143433
16.40636908,54.55597551,0.845478093,1.188514736
185.5093834,63.3756446,3.085585476,1.626303795
50.59003879,57.30362395,1.423493435,1.14761976
61.28284862,59.31583153,1.989332917,1.915210969
142.4984388,90.07376001,2.444299772,1.88828318
52.76550131,89.92514302,1.190760795,1.208231426
25.29739814,31.20528408,1.318354034,1.071979288
37.33996311,22.87113569,0.959055915,0.28169018
139.9227037,76.21191001,2.627580054,1.880254232
260.3908628,97.84899178,2.083237301,0.81541389
6.161914117,7.107176372,0.373515047,0.080457709
3.077484172,8.352269105,0.983439424,1.312423153
136.2195926,69.75902393,2.188246276,1.226092451
130.3195547,99.05913438,1.327974598,0.670246386
68.69626309,47.48368914,1.894640326,1.240608915
76.70783019,65.25475727,1.857356195,1.467347181
102.0553295,65.06648424,2.001555488,1.277105939
13.60880745,5.075535781,1.652587048,0.50928457
75.65000107,46.78269912,1.607468909,0.798971897
11.98230517,4.617789146,2.409948621,1.119126796
95.48841345,89.90235672,1.461334515,1.005286123
158.6761739,60.35329422,1.612828521,0.494692874
154.1455609,55.25846655,1.263264363,0.286039691
170.0317377,90.32773389,1.04416199,0.289598885
10.36960117,16.79575703,1.150961485,1.072825571
180.782706,98.55298953,2.064946171,1.162252247
94.493894,38.24558193,2.358931565,1.126103259
25.86416342,26.06468784,1.093779534,0.60281449
2.52929444,84.35309656,0.116628041,0.226818045
1.605131357,1.026059743,2.143824807,1.468962326
157.7923696,81.39238757,2.592508868,1.733437933
64.20257959,45.72858522,1.915582177,1.306793202
87.27341589,65.19402745,1.064895174,0.423554752
123.7109334,94.4982173,1.706706518,1.112508225
101.911931,36.90387312,2.268926585,0.932089917
87.22580313,76.90293356,1.934868073,1.650329456
57.30902182,41.31510969,1.39689118,0.703365511
79.61579455,66.59714722,2.075898192,1.802347374
63.52180506,27.80878325,2.665111577,1.554747805
10.73800654,3.673910084,3.014062743,1.554101717
79.19782779,30.49633056,1.911630042,0.703577617
48.81936012,37.27498018,2.158007159,1.777874516
119.0689255,88.16748193,1.462296958,0.79168271
133.6505067,50.45661738,1.039499422,0.203969875
18.31057942,49.54333084,1.172784184,1.860755535
7.758761746,91.00065305,0.430406545,1.086375173
27.8188668,23.19731428,1.320124361,0.726604305
1.763594417,45.39770394,0.325393972,1.362775083
72.39480143,50.80695375,0.538547696,0.101773363
6.629876746,11.25185491,1.175800208,1.173155925
55.80518318,78.5962412,1.302952337,1.195512995
76.22400463,53.09004524,2.281964707,1.813465026
14.28129169,7.235518396,0.936280708,0.222067149
153.4185156,68.25832739,1.909127501,0.810807463
44.34027224,16.84898602,1.247322568,0.295599013
3.061868826,13.70685924,0.489309666,0.535906428
161.9378473,74.98103532,2.91987602,1.973794335
3.406959644,38.46111331,0.198114527,0.221542734
18.91143745,8.766204571,2.577888793,1.540229446
53.95622834,20.60500124,1.877926603,0.673377024
26.90007945,10.35557683,1.904497244,0.698154326
21.25633877,21.84865586,1.628924502,1.363666517
4.606363634,5.958939692,1.444200431,1.349073825
32.16970686,33.71381844,1.788316521,1.675790106
8.145371552,47.42441772,0.310529976,0.28071665
178.7543316,74.9540379,2.517213948,1.328460736
56.42764167,21.43674974,2.804266231,1.493741775
86.07472996,39.40124051,1.787630532,0.731408087
104.5399347,40.61649407,1.449004015,0.407877164
4.92183234,26.81751727,0.823666507,1.848266408
29.1901816,9.994356101,2.977486752,1.51770618
170.1507151,91.23147427,1.240310774,0.412422121
128.6039992,69.67375257,2.223634757,1.339404149
34.02795602,19.08620251,1.836345158,0.945719399
20.90376606,22.41056535,0.755418156,0.305895521
146.351188,81.62201516,2.637352713,1.939623759
32.24413261,49.97265813,1.463414735,1.659535718
32.71787344,30.22506451,2.010616402,1.867285026
130.1267979,63.33734217,2.636032102,1.691081295
13.71489582,7.284673663,2.108687991,1.180897605
43.12378819,26.14475472,1.239814086,0.465962326
0.284658862,0.636923672,1.180947736,1.560249461
34.2041463,25.37469799,2.069651624,1.588863645
243.2201162,95.58696693,2.901829986,1.654676589
21.88743023,64.43227854,0.647664148,0.617416788
213.8929187,98.9553261,2.467442739,1.40833813
33.03318258,36.54069733,1.293066095,0.924778802
3.561970244,38.11751345,0.37136221,0.737903713
6.358001289,24.11218226,0.955824554,1.732376469
23.07714536,78.04895618,1.052461307,1.873127304
119.6224387,80.92639154,1.788022353,1.081417556
68.17463121,64.7762913,1.146960214,0.624971184
37.6416586,60.41819222,1.156289971,1.073006857
93.41849252,79.8167903,1.875626309,1.502879085
13.57755004,21.72929497,1.567683751,1.966577841
10.08555162,23.41359912,0.231210209,0.062051537
76.09564166,44.39275623,1.597958895,0.744823787
67.02286183,78.14506769,1.163433498,0.789099442
18.50288135,19.44139562,1.476472248,1.145272032
5.685560178,12.72984902,0.466896429,0.244040047
144.2620124,95.56397894,1.123548939,0.418115464
31.12254374,12.63805114,2.852231166,1.651750584
35.14682741,23.57137788,1.720773086,0.992924108
70.40464024,25.36173609,2.349997607,0.994678063
133.0451329,79.4603306,0.687336067,0.141078115
52.24554642,45.27362858,0.960698633,0.399889847
60.8478013,35.22924554,1.928315109,1.076426709
98.71763912,74.1452387,1.837202927,1.267572385
21.62647132,9.070122382,2.787081215,1.628908674
69.06245718,26.0045066,3.242700257,1.979658178
12.40601035,11.11884231,1.02701997,0.472666924
21.35456985,45.16515075,0.48877796,0.252642186
4.488269409,5.60708619,0.835036922,0.435551662
106.3904498,69.66444967,2.221468169,1.615692686
9.251132133,70.67174743,0.673239223,1.731249936
22.13252905,47.19724261,1.018976911,1.107093434
79.11360588,26.60873126,2.525535511,1.072630028
9.043922118,46.6755272,0.37798991,0.368691256
2.791934881,3.894034561,0.833690711,0.484701593
62.14161972,32.3739552,1.66100477,0.718662454
17.98223773,9.82471452,2.004784882,1.097947987
34.11663359,90.69535675,0.930487632,1.150827141
61.84595388,44.55564806,2.044640194,1.50589699
7.411888963,7.561281261,1.303489884,0.866666127
30.53620803,26.67519295,1.927722888,1.623123913
106.2813613,48.60103083,2.788219917,1.777511532
12.33404076,6.087100031,2.110273019,1.098885282
106.4948183,38.78158668,2.517231001,1.153754065
39.44143292,78.16953081,1.202702516,1.433412752
25.49785353,87.74292878,0.702322759,0.848695683
114.5197969,42.38913517,3.171282537,1.861289227
2.756559112,1.466538922,0.494293847,0.064993017
114.0299883,43.70306113,2.31726478,1.028996989
88.90848662,79.89506639,0.431924999,0.083823044
197.5454923,80.51501559,2.770395565,1.564095722
80.28590803,37.10054549,2.373036072,1.3011269
10.77241985,56.99652644,0.553509649,0.810504656
20.48098414,26.90037043,1.61349926,1.709680603
175.660631,68.46466421,2.693988716,1.414339247
10.09548192,9.832231927,0.52996884,0.136771539
147.7748762,74.40796731,1.977924326,0.984936392
48.98248081,49.31317579,1.172673097,0.692223157
156.7923492,56.97757211,2.455383158,1.095437545
32.20549693,37.10849459,1.440625497,1.195681554
56.50564855,21.55811695,3.202943586,1.956985207
198.547801,91.44416334,2.920786271,1.964538167
44.24477186,72.69731135,1.080210837,0.958613307
102.3018431,54.99106528,0.575188113,0.088919801
76.4199595,30.45384263,3.036304683,1.836944347
98.09275514,42.65698825,2.534411497,1.396617633
91.28268546,89.91794835,1.878397364,1.737812534
79.66051318,36.01541933,1.260517692,0.35918093
55.94012476,57.24105943,1.336283973,0.913590881
4.911767706,73.42617768,0.26374085,0.519921657
40.91592877,23.61154061,1.611412337,0.749230216
55.73045735,25.40287053,2.646940115,1.596792278
166.729413,88.71490323,2.263414174,1.362957861
131.5774141,47.23016839,2.741122748,1.348543994
282.4651229,96.33861681,1.897112833,0.613750562
19.86608285,19.66232578,1.650541604,1.348172925
5.084155333,11.77968569,0.661303978,0.506625642
50.37940804,27.86514224,1.019972938,0.287710364
10.55751149,63.9672162,0.793293286,1.90648525
41.53288373,31.44393082,1.682753731,1.071903958
224.6358719,86.91517266,1.974783993,0.754441706
3.051682036,72.66530905,0.39442368,1.852182644
24.1635599,50.91468869,1.287809602,1.747251805
198.8251281,92.23862423,1.799493774,0.751125051
194.0449214,90.46676253,1.40191713,0.458143424
0.53965692,29.617902,0.202799021,1.12859534
212.7837523,73.92142948,2.99167742,1.554645682
195.8630794,77.39752836,2.683879973,1.423215607
73.15323923,26.27649441,1.327958267,0.316717982
10.77389969,92.38750738,0.556861743,1.329551277
37.65316308,27.02175486,1.477050701,0.782839796
25.46776817,26.35178405,1.114111709,0.642164977
176.4095773,72.84722897,3.074263513,1.95138545
118.4403468,82.73074378,0.974590564,0.331727646
39.62448072,24.49929957,1.412442714,0.616739514
18.7027819,10.67427616,2.150687017,1.319947495
139.1964976,95.14596803,2.329318133,1.854341426
140.6972595,75.51066753,2.405492473,1.552746932
106.4582215,66.26782334,1.293985863,0.52113779
33.17671804,31.25470478,1.045366582,0.514741529
47.86479803,68.00845013,1.477185037,1.550195426
127.3624233,73.32410772,2.53959083,1.856534302
89.64103539,60.77268093,1.167817518,0.462297459
19.00571309,51.89051495,0.674767785,0.621559196
34.9714996,16.37982846,2.800486035,1.836673334
233.7088316,83.57908828,1.866565754,0.622987161
110.7943048,80.07451738,2.187019666,1.728431903
22.96920477,8.156586419,2.679155259,1.274465991
2.745413572,21.44044076,0.610895128,1.457233882
20.23763212,45.3221725,0.224519104,0.05644528
5.048445127,34.4148112,0.659852426,1.484059767
0.334899376,0.9806702,0.804834735,0.948401138
59.48380281,50.28711287,1.178940794,0.587505549
20.79984794,22.2494487,1.325298015,0.939412195
39.78125414,35.03327987,2.009773573,1.778552113
25.04197794,16.85515748,0.937496188,0.295783001
109.6023061,45.17261554,1.481002891,0.451998884
10.80854649,35.9841505,0.227415968,0.086090628
26.3850821,8.860343546,2.638786661,1.16915119
7.60570615,39.96075908,0.751713237,1.4844603
165.4067311,57.57545276,2.764974716,1.330566289
193.2161276,85.2529124,1.117046851,0.275282518
85.54196979,66.79134351,0.905958967,0.32042618
0.126802671,20.15101785,0.09052289,0.651111567
35.49610694,11.98515092,2.17701592,0.800121605
68.30522728,26.06445495,1.777258904,0.602651315
44.71549377,36.02535204,1.578403705,1.00359015
30.99835418,32.70929563,1.12716722,0.670315498
130.6460846,78.03654103,1.45728231,0.634247849
91.74250547,53.66289561,1.414025088,0.584773577
184.4075244,93.46244478,1.852862682,0.869991426
22.72882242,19.15107664,1.996633826,1.679512004
6.729044262,10.28688509,1.215914301,1.130072848
190.4333965,90.37468207,2.774926732,1.827160571
43.062589,17.86608423,0.978998078,0.198821306
34.55424976,21.27222898,2.140861418,1.410777896
179.9486307,93.63781684,1.083699006,0.305555487
45.72545149,18.80428342,2.072299365,0.883026584
110.1964911,63.51056094,2.262816352,1.475525787
161.1215809,60.17771809,1.476933679,0.407355884
60.17582423,63.41842461,0.527975198,0.146889398
151.2889141,61.43920318,2.752444684,1.538316409
110.119229,62.31445261,1.367299138,0.528959848
16.98400298,15.59024514,1.42690843,0.934490948
37.88021563,75.50496752,0.716968244,0.512310112
29.00348747,30.58143615,1.610191851,1.366887928
58.86618457,87.66930718,0.874545436,0.569529791
104.2082146,42.44534442,2.09815609,0.896548315
45.69057164,20.4893793,2.31004533,1.196501422
19.55533811,43.20726448,0.722889921,0.57730562
65.77842627,49.72528353,2.094218526,1.657707062
40.40636859,14.48735536,3.328858359,1.986551963
96.241152,35.93440436,2.149373801,0.862469098
96.97162571,73.54887748,1.777514316,1.198195243
194.2976192,93.53642955,1.872838225,0.844274832
140.6677402,47.37354692,2.065311145,0.718261145
95.89377352,85.57368158,1.388896696,0.860715654
138.3529385,59.9285011,2.710062568,1.590646476
117.7656129,50.82033463,2.586866673,1.443900011
16.11144555,52.76214661,1.039997653,1.771016761
35.62890081,15.93462385,2.074871115,0.962701494
32.80521971,81.35202561,0.828923073,0.851969173
0.64339468,52.33435795,0.156930778,1.001603175
13.60507165,69.99590899,0.51838621,0.69127159
14.13991654,9.462404611,0.252515299,0.021335364
136.3510844,80.43775472,1.977936212,1.1539737
3.932514327,7.139573024,0.930420204,0.78583288
72.74832151,33.74713129,1.80087716,0.752232456
25.21762191,89.37164873,0.770376189,1.051650292
0.692168793,12.1020858,0.252748937,0.558466199
40.7388761,75.84367017,0.875773833,0.713944137
2.745453228,6.969474624,0.642141754,0.523380835
19.59905801,46.38224981,1.164909895,1.605725428
127.9488387,87.72374983,1.293938674,0.573955511
45.77784212,85.50329441,1.246635322,1.45136415
74.61383047,51.29637294,2.2857779,1.795996083
28.15834091,19.06450909,1.463360156,0.724921567
148.1687578,89.70392901,2.40540306,1.751461311
104.5765446,80.7860011,2.155163999,1.794041461
115.8408972,68.76545248,2.205775563,1.444112539
7.302245855,7.853344694,0.486073589,0.127049296
193.9859863,84.23571138,1.745758151,0.661704445
252.701228,88.49806261,1.2627194,0.279196597
59.46340201,21.70078815,2.625646066,1.257963748
71.3292271,34.45741165,2.735126277,1.806924062
107.3834672,67.54650426,2.043414159,1.313252561
43.01318265,68.632425,0.520481586,0.216126743
174.0517124,63.78564772,3.018771652,1.669841308
157.5882664,88.54997577,2.312225795,1.502086893
27.00456235,47.9566208,0.688403633,0.420792259
8.520830605,6.815490415,2.02860876,1.645817883
86.66140528,53.1471136,2.502656015,1.920552935
218.5712307,74.71872446,0.456656728,0.035643979
0.846695196,6.003874059,0.71050857,1.789835525
131.8273185,86.2208752,1.12884848,0.416723813
10.8718315,6.154341614,1.56994451,0.697617708
169.6145441,72.93395167,2.992436617,1.925247555
137.7705878,51.92939384,3.176407396,1.901512319
27.45539861,26.45165901,0.394887207,0.075117529
174.6769445,86.78418917,1.700529569,0.718362087
206.0572979,92.78189437,1.524582999,0.523295963
80.66636739,82.28423231,1.707362101,1.486775514
76.40834187,26.42374812,2.291370432,0.907850337
22.07957999,19.85713361,1.347946436,0.817035683
1.538096159,16.53252583,0.366503888,0.721909736
29.69409761,71.03087849,1.065310294,1.357373311
61.84229709,71.13909268,0.984477924,0.557448405
107.3811907,68.7360525,2.236519567,1.600927925
180.2853881,73.1667361,2.762892596,1.548999089
109.3980564,50.22251891,2.404135513,1.326712364
105.4056209,63.9514191,2.389762281,1.732470402
168.4804897,90.98597591,1.726149106,0.804547076
34.06366207,84.34742826,1.112455614,1.532201553
31.26395144,30.96355246,1.171781074,0.679938883
70.74149455,29.7613682,2.309063634,1.121554725
57.09451461,26.75027582,2.386069743,1.333736851
118.708801,53.80011668,1.052716794,0.251126999
57.17648694,35.04262932,1.424043151,0.621434729
86.1965559,70.34596579,2.089055214,1.78081631
34.68569888,37.11449893,0.970019541,0.503412648
25.42064909,73.25209153,1.032006791,1.534505708
26.16989701,9.401290746,2.224795335,0.889069281
35.61267369,50.55717764,1.226423466,1.0676506
5.113934319,12.58784037,0.91418291,1.028566277
18.84217835,8.971714131,2.676467231,1.705446823
61.92156875,26.31138271,2.15485198,0.986521631
3.690545221,18.1689688,0.689023957,1.168633674
24.57671424,8.698799886,1.334364231,0.315104284
243.1370141,85.3189336,3.322577541,1.936932982
74.44290034,49.86400411,1.860117528,1.158816417
2.623443648,2.707621654,0.427706093,0.094401113
48.08020706,20.43002342,1.838425071,0.718066073
199.953128,94.25485467,2.830999336,1.888970019
237.598411,97.59345708,1.377269054,0.389569326
27.867011,26.98563614,0.862394998,0.360101337
17.35482188,6.647086328,2.551221421,1.24645748
148.4699028,83.42123693,1.954332612,1.073013444
112.3884597,72.01754142,2.149927031,1.480928246
2.877121671,8.006524484,0.994661191,1.376594909
19.72749963,49.25256114,0.352424438,0.155045373
47.90552726,16.0819723,3.239219227,1.761182546
155.5841398,92.02407169,1.733050935,0.888236837
56.21561695,40.1483565,2.004031303,1.434134214
53.02064343,73.49130972,1.497321588,1.553785879
53.28126715,53.40951764,1.221710018,0.748084034
0.633886369,0.463274689,1.838889961,1.235687484
89.78310317,34.19489278,2.18092226,0.905768075
62.26846198,95.23083409,0.451444682,0.155843444
67.39441106,51.45240639,0.821435096,0.257571805
239.4779736,80.82289947,2.574271648,1.118272392
36.72495834,25.03810242,2.233457676,1.700456623
3.524575455,18.92923279,0.617097729,1.022596025
49.05066287,27.41548336,1.306538294,0.477051556
74.51749218,34.25884183,2.536513999,1.478968682
89.85627255,89.66636721,1.25065428,0.780415214
25.76508214,16.85773603,2.097587118,1.439387531
191.6178706,86.19320263,0.096678006,0.002102144
14.01980322,11.28238985,0.589407131,0.139784803
218.3702399,75.55376399,2.400044708,0.996486276
9.282648029,27.9867776,0.85676345,1.10655468
122.3758783,56.59350221,2.80867956,1.824085287
91.45138134,54.26618108,2.239352339,1.487831865
142.2771097,47.50576128,3.114828957,1.61975623
23.57017023,87.51840139,0.312198833,0.180954427
152.2573194,53.82054866,2.514264511,1.117279618
154.1672515,78.97341705,2.706171823,1.875726611
126.4749534,73.12735067,2.245860203,1.458178716
16.42197221,5.477934538,2.35120046,0.92202107
1.044730936,0.575919495,1.849341517,0.942674084
10.96030227,9.228589857,0.842008932,0.298480673
52.31786234,53.3784606,1.466744377,1.097475724
56.79876663,31.28408203,2.37814001,1.557504659
23.56251845,8.36402792,1.367758818,0.332034199
109.9612039,59.56857566,0.636404698,0.109701985
133.1897386,63.79427882,2.278469743,1.243275861
0.412617679,0.3205175,2.188197767,1.859717855
34.16989282,12.97830015,2.188746199,0.909777122
5.879422542,9.89036099,0.508494938,0.21748071
102.7032519,47.16858394,2.915987791,1.952585458
182.1381249,65.41944267,3.33091546,1.992522359
8.361899206,55.88509031,0.505107645,0.852567782
180.6882313,78.54243535,0.595440913,0.077058729
153.9533247,56.33694457,2.345582673,1.006643541
185.8639022,96.37496393,1.864819111,0.901597305
19.69815898,92.19341895,0.879286966,1.809279063
129.5352488,88.9854213,0.779210477,0.208550132
50.66793281,25.50164634,2.068995101,1.077268502
25.70618819,10.07391967,1.84177826,0.664669101
173.944328,61.54094662,3.227737465,1.84297868
44.94390963,98.43912992,1.318893839,1.904963248
20.49817147,8.138052153,3.005411167,1.793011779
153.3962117,63.80295049,3.064468155,1.953018503
84.33596199,59.70746428,1.940660171,1.333167796
25.30196342,22.44943705,1.572063759,1.096381119
16.32010729,32.34183982,1.300767889,1.676530008
52.27417165,60.16744346,1.277736337,0.939565139
164.3284008,70.59413567,1.890285621,0.76750438
64.21013394,51.52975245,1.491766252,0.892947736
67.90760188,35.33997667,1.94189404,0.981225727
143.648707,94.94136192,1.921655679,1.220323257
18.15191174,10.69093778,2.130021257,1.336076454
116.9175893,45.58379514,1.394281261,0.378967017
5.577544739,19.14461881,0.758014183,0.986116734
4.859108275,24.22869645,0.540496502,0.728331765
36.91658301,83.1723478,1.094415343,1.349248101
3.913949961,2.759907116,1.210327091,0.516481429
48.11105085,77.6288851,0.917067678,0.678502237
142.0389849,55.37117082,2.781571914,1.508088181
140.0683268,81.18537164,1.985814443,1.142839327
11.9678018,12.09106532,1.55389245,1.219725481
86.14577539,55.08315401,2.018000802,1.301959541
27.40408697,10.08668386,2.914229785,1.562970071
197.0764306,71.41570067,2.521637763,1.15211125
170.4457541,92.11286029,0.750205598,0.152077403
23.99071014,16.31258994,1.862890036,1.179843106
15.96618328,5.753726116,1.915265181,0.660961109
109.6442853,71.39256559,2.136863951,1.486588394
35.78135548,18.55200823,2.342915154,1.423040522
33.86400629,11.68801718,3.215186522,1.783958942
16.21869474,6.327619776,2.454617522,1.175336273
19.55929014,11.77594609,2.457714724,1.818342404
32.16684756,64.31134638,1.031754402,1.064147346
94.28388099,61.45545305,2.293834071,1.714813826
166.8272328,65.30293259,2.365143115,1.094839842
43.09384685,20.67542976,0.660087171,0.104523001
177.2817377,86.55862043,1.855643907,0.840631404
30.6513957,45.69397964,0.554601646,0.229266732
62.43019163,28.65040703,2.391585543,1.312435507
134.0743593,46.57895758,0.661541121,0.076019976
202.488035,79.26693786,3.148682424,1.940530351
41.91080174,66.00959949,0.83509113,0.549185263
9.441681524,21.30140158,0.960669248,1.041062047
100.9429683,59.89249187,2.388728275,1.692777261
46.5285417,55.44002335,1.271113706,0.962593159
20.92511112,15.36090154,1.878284723,1.294916573
148.342759,50.83323605,3.273326683,1.835820061
3.556683161,8.881482734,0.487737233,0.297017557
162.4481801,98.27119443,2.082574596,1.311844991
55.18361216,27.90398768,1.512562505,0.578432667
18.58204294,18.627641,1.054805375,0.5576723
14.43444927,67.24934426,0.891118067,1.849815171
150.3603159,90.0657843,2.204263606,1.455203299
38.14553541,48.79790913,1.117147,0.798266953
236.4039192,79.10631714,2.063828988,0.712646103
11.41031592,15.74411647,1.355283307,1.267216467
23.75656056,28.78681484,1.294074777,1.014609207
16.86883995,7.073944,0.881048318,0.162759316
116.3190808,96.71699126,0.470792846,0.09214707
177.7476151,71.46057952,3.050317852,1.870350278
41.30405366,83.61175496,1.276613254,1.649541953
71.19835819,54.51565204,0.818688548,0.25660119
43.43744755,33.51972978,2.154439213,1.790913895
172.0658533,81.48934284,1.443499469,0.493411633
41.0692474,59.22117432,1.17116474,0.988931596
92.95494649,37.56412415,1.231573693,0.306472544
277.7729186,95.67334724,1.964661882,0.664732188
1.877288345,5.069550994,0.546085058,0.402651298
102.2069049,44.28306897,2.030669327,0.893317613
124.9032103,61.86109033,1.962685095,0.953927179
60.55883517,27.50853587,1.516797667,0.522534862
177.8912027,61.76042705,1.157162265,0.232441864
107.8128527,69.18469323,1.282320027,0.527597023
190.9018531,97.07063983,0.331276637,0.027901617
84.32225634,73.92060162,1.627015969,1.160317679
37.48775877,13.45615092,1.246459168,0.278841551
26.56528646,17.47273073,0.361744537,0.043034845
120.6977671,72.72680471,2.020932322,1.230463727
3.792845933,25.38440139,0.467107047,0.730137353
180.5143331,83.20328055,1.501561923,0.51961928
22.35418856,52.44871171,1.275818548,1.909517939
206.1634438,73.80833181,2.559399846,1.172573332
57.04545663,30.20581829,2.7023814,1.933449509
117.9904408,81.10482003,2.208072631,1.675701102
185.341464,87.70138744,0.800102535,0.15145903
100.9835886,94.24648661,0.851068432,0.337997383
17.75675363,25.48765598,1.024062976,0.752644101
23.97537922,24.02292363,0.790249409,0.312866266
20.37402112,13.62972519,2.171915735,1.57785211
36.83352822,27.65146047,2.155809959,1.744478838
0.502281152,1.566001797,0.706114525,0.777258837
14.45493701,67.889523,0.306948861,0.221252716
3.661939096,44.30645437,0.316851878,0.60734919
22.90175049,26.72052508,1.067907748,0.665294278
107.6696697,83.7948598,1.538354908,0.920888575
52.96506159,23.0336305,2.83658729,1.749585713
3.746106614,16.42013433,0.673231916,0.993335531
62.5323194,65.3966379,0.255166133,0.034046067
36.7558233,72.10570977,0.903964089,0.801522764
205.819162,71.08628955,2.340105065,0.945672496
2.813076206,3.136900373,1.757084557,1.721371294
32.02395966,18.01062768,1.985083616,1.108106322
62.13171881,22.5499968,2.871790933,1.496610407
4.531289,5.796364994,1.235619643,0.976502984
32.22708066,17.12625111,2.430745142,1.569965824
14.3582772,5.740252736,2.730170933,1.489972876
54.66597369,95.8769273,0.72086026,0.455689678
3.373307031,22.69941836,0.266031897,0.238120224
23.15135247,70.94848664,0.798606025,0.977241583
31.77289013,86.68329865,0.364907044,0.181640716
74.40798749,35.98202882,2.109074497,1.075523573
100.0802371,89.69310326,0.924733911,0.383190114
157.4525239,55.47968439,1.405116771,0.347839737
12.32208889,46.57613551,0.683152665,0.882032632
91.69343291,86.4503025,2.037281879,1.956593172
161.6710329,97.23197192,0.580643831,0.101383322
22.34386408,76.94601634,0.295066934,0.149912882
30.53588858,21.96178262,1.630674618,0.956228434
195.685976,68.30224026,1.852549222,0.598941991
21.3247302,16.33005815,1.128420878,0.487546919
95.65602723,57.05310586,1.907414228,1.084993139
17.84618765,8.477613897,2.385097939,1.351171938
175.6056155,61.48739851,0.785555704,0.108036796
213.8674369,72.85357702,2.502416162,1.06658456
85.87659195,40.77737667,1.994983491,0.944915773
97.80195428,57.94655503,2.300040937,1.56718846
24.095931,69.54055648,0.78457051,0.88823609
50.54755251,25.39369745,2.812708764,1.987217239
33.9449257,31.38545568,1.930079041,1.722161078
46.58399579,27.18830946,1.665982022,0.80994605
0.732660872,0.561674544,1.262874801,0.611325262
46.92496971,23.34282724,2.187543649,1.19023554
167.7168459,69.16167963,1.876807668,0.726270473
127.0463523,85.8926058,1.935487014,1.266321867
79.3087327,64.17977756,2.035084663,1.675761329
279.7803466,96.453274,3.385399792,1.975557618
52.09576576,65.16123814,1.58018656,1.561613782
43.49918236,70.51091306,1.4507333,1.705769751
14.13258276,9.168315658,2.409908818,1.883819316
134.6895946,72.05467435,1.902963519,0.968632516
33.45980493,30.61534521,1.859258137,1.581485236
13.46849307,5.690014684,2.053142393,0.89043562
67.06586302,24.98386767,1.990989936,0.738356814
159.6353501,79.37962494,2.101384043,1.097895077
158.4728412,80.06712365,2.085427074,1.098650106
114.6904998,98.3762654,0.958091229,0.393682962
137.1725165,47.98011143,1.4664082,0.376074522
31.50273688,76.81561679,0.790197846,0.761277375
17.2439337,10.976738,2.381528919,1.805172369
174.308573,68.92185894,0.719259363,0.102277308
27.50137489,66.31456545,0.810304747,0.791628266
40.53745837,51.24693839,0.771244513,0.375980731
48.64642594,95.39091086,1.287763229,1.625915989
31.68305453,95.0082209,0.580054722,0.504477823
34.05869098,22.82542966,2.173742784,1.583351435
120.264677,69.87149194,0.433892533,0.054688534
23.35772237,8.484557884,2.465096169,1.103662948
43.21223307,57.54428229,0.709384495,0.335064839
259.4376707,88.29264704,3.360397604,1.921510836
45.26556921,99.09791969,1.126378446,1.388785644
130.5319188,50.06546718,1.024614054,0.201331705
29.63509166,17.1451421,2.229357321,1.437686464
10.73906627,5.312434974,2.44154652,1.47444004
27.07710666,11.22439506,0.592352653,0.072726279
3.296311183,1.124360263,0.813074604,0.112747801
183.029623,94.74987858,2.43847895,1.539094559
126.1884219,86.00173231,0.540762996,0.099648697
0.586442172,21.11675675,0.195595385,0.688793808
35.75981918,19.31680631,2.160456712,1.260669232
51.19100771,46.96416012,1.951550861,1.747039138
86.82795997,83.50789565,1.027414678,0.507609193
127.0772724,62.47003026,2.142217675,1.127979049
156.8300964,65.00047117,3.084529782,1.971673663
108.8545858,67.36005261,1.14387234,0.40483757
51.46832451,58.74931181,1.407059129,1.129945388
65.05064967,32.46037824,1.836457158,0.841460133
24.53156989,8.22470042,1.497070814,0.375707131
130.0967805,48.49486369,2.100021398,0.821952343
85.1589565,73.84599757,1.411971704,0.86440769
39.26504616,24.60862147,1.543819384,0.746868525
54.96125705,23.42833393,1.269965393,0.34374669
47.83109214,20.42983988,0.93829543,0.188019924
232.7907487,95.00833487,1.658986106,0.561631543
10.71925359,9.87731266,2.060597623,1.956278354
73.46342634,33.73356953,0.978641219,0.219891342
116.6959159,75.12378813,0.671946511,0.145331994
18.51447919,16.12467534,0.784984959,0.268331807
23.41551273,37.14132379,1.491134807,1.763427167
83.92314478,73.92621387,1.692029853,1.260964215
123.7396335,52.60129705,1.954759177,0.812164783
23.43706244,8.003157963,2.234669825,0.852618881
132.9187811,91.29387583,1.31456135,0.593453941
120.891315,90.82303693,0.683550003,0.175513894
26.79437989,30.36495811,0.590181712,0.197365153
130.0580853,48.74364901,2.501652938,1.172748275
104.2733755,39.60637481,1.229114562,0.286910467
70.68582441,55.00746574,2.210910471,1.901961085
1.765057959,25.17102401,0.515701411,1.896306604
1.65152705,8.84965916,0.806211799,1.741442573
101.0546757,63.91662585,1.2293124,0.477916425
104.915086,40.84858974,2.263880354,0.997736987
54.70912077,26.34711092,2.769591571,1.847033305
98.83914222,77.46038786,1.903550154,1.419872513
5.725441888,2.041650455,2.173046157,0.841938338
189.1245663,82.64381536,2.042698126,0.911676581
59.5344511,31.03588146,1.550466769,0.626600389
13.37819332,15.12606579,0.400699947,0.090768904
60.5346409,84.49232773,1.422492163,1.412157295
39.24409681,15.68490792,2.106892131,0.887078884
15.86530477,14.95709983,1.852471999,1.617604259
155.3083137,63.55942571,1.573344105,0.506527115
11.97952489,14.88948245,0.16288395,0.016487948
280.7419125,97.88607891,1.594436189,0.44319818
117.7967819,74.94581084,2.445001964,1.901701571
87.47664636,35.89888063,2.095191206,0.900753818
13.6638228,6.981960306,1.107569145,0.313412891
23.05124566,7.693438253,3.374622327,1.900406157
28.97773375,28.16807639,1.913169987,1.778975204
110.6865618,61.50760737,2.43288398,1.644548695
46.53082416,60.93445844,0.949513456,0.590329468
4.780495452,1.746633214,2.489180183,1.131908912
155.6494353,83.91253175,1.712340375,0.790368227
117.233337,93.7964814,1.633066717,1.066874364
28.48203299,22.6950106,1.651955282,1.087241405
18.29967145,42.9671195,1.08946774,1.393451001
77.30954216,40.21757236,1.570859274,0.641840793
192.4124672,64.51848676,2.981588988,1.490446942
33.47208219,19.40343787,1.782131057,0.920545453
176.3744215,96.05534884,1.541253511,0.646850791
80.84110605,37.30830727,1.950766849,0.878120338
69.27752784,50.79726861,1.615041952,0.95628116
79.25239196,49.76979887,1.43990557,0.651015808
22.80838006,9.485467779,2.812405386,1.644713125
55.43932008,36.58732432,2.427570426,1.944582778
1.423224426,57.23626381,0.276198219,1.533944472
136.6417118,66.5228286,2.078527079,1.051644104
212.3908778,82.14968366,1.310348366,0.332057721
207.7371183,94.38909966,2.287168946,1.188431725
28.21962935,68.86940951,0.994551802,1.20697945
14.54207314,72.5975777,0.652565094,1.062951596
37.88647227,20.65039456,1.018310124,0.282601402
145.5446624,54.9316727,3.05089914,1.75651655
35.13095413,36.60535269,0.831832657,0.360492794
3.946800507,82.35839435,0.281994989,0.829689284
95.55621066,83.40853419,2.046673344,1.828178684
21.34073878,54.74427025,0.585307026,0.439406725
97.22950294,96.68252585,0.543951243,0.147109213
183.8831548,96.16101198,2.002060834,1.048049083
3.35812368,26.39000123,0.38555057,0.584084157
12.46313873,24.80925395,1.058594598,1.115361441
29.58638096,38.24179092,0.852121278,0.469266122
46.20388025,18.54738802,2.179323983,0.953274353
161.9952788,66.77518348,2.443559056,1.2306326
42.28811867,15.96477295,0.924924844,0.161483174
7.690540501,35.24415639,0.785567221,1.414057166
27.81937497,9.989607382,2.68957008,1.298783568
264.5013394,99.41171557,3.103123309,1.809579902
8.478040696,66.39846819,0.39245128,0.603120469
130.4253826,67.93381469,2.479296215,1.600850301
103.7369773,67.77149507,1.017595016,0.338246588
107.9541727,81.17750057,1.716205135,1.107400308
127.2162986,47.47192967,2.867680986,1.534354841
36.82111117,19.09440746,2.686484298,1.871319369
233.1374099,95.40020401,2.886412535,1.704606516
207.9185586,80.48080217,3.151476017,1.922193294
169.1108258,57.00423478,2.472775934,1.030564658
126.0519761,63.99732561,0.621272366,0.097981987
116.5949218,72.16311419,2.515175276,1.957681994
124.2630792,92.6788801,1.053471144,0.413860482
45.46356435,90.82543408,0.287872128,0.082777678
66.10990586,45.00862213,1.505887727,0.771941468
121.2971666,65.06864769,2.725633409,1.992627028
7.793828218,13.91548326,1.334506345,1.589859529
54.4882067,24.38702995,1.805452055,0.72945469
222.3370162,99.40597438,2.689609276,1.617145535
77.36098979,32.89967189,2.590354487,1.426783096
56.93953504,60.42693402,1.194876581,0.757587405
182.8656802,85.7115387,1.913006229,0.857649538
53.20075291,37.1610183,0.245206099,0.020999182
1.626549906,2.03871034,0.787595165,0.388744466
123.5156755,56.21679089,1.402776147,0.447806839
3.922781242,1.623863164,2.320323652,1.11435221
40.28752601,67.04627314,1.540503143,1.974691356
29.40107208,16.2951456,2.475032053,1.697566273
141.5628585,56.27620724,2.246957112,1.003540876
17.64502377,35.86980017,0.44459162,0.200908938
52.24432907,46.92067774,0.966290827,0.419286461
158.3833128,59.17504539,1.364748726,0.347940174
57.83668706,20.98319462,2.44430931,1.083803449
69.95435984,49.41137199,1.541569094,0.839282409
72.50672298,32.83262922,2.661457009,1.603748636
70.79563823,73.02442166,1.264997194,0.825297926
26.7223438,29.4912342,1.823835369,1.83552233
43.13925844,38.7424463,1.974971763,1.751483902
135.3993797,58.6223516,3.011134679,1.962803966
145.2537281,89.09718862,1.946794547,1.16237687
19.69908163,88.40017054,0.737758585,1.221253076
12.88206729,8.149874844,0.768554383,0.186846337
4.224745287,1.600239855,1.066655344,0.215477924
70.86590723,24.84938072,2.30314556,0.930017232
186.3135506,74.07010828,1.451373349,0.418723012
6.669636945,18.14534392,0.217684083,0.064459415
55.30509079,28.39621328,1.651437675,0.700147755
135.242747,75.03323267,1.549788381,0.666276475
13.73908873,16.53264956,0.473619759,0.134962825
27.91263976,25.15889165,1.195868776,0.64450702
68.42392011,52.83924168,2.008924056,1.558280611
99.0312878,70.84725119,1.35324566,0.655049121
199.1840507,68.16379547,1.751806979,0.525099631
181.6700293,84.03343935,2.015205601,0.939242163
49.94962938,20.05886598,1.380634835,0.38273816
1.674302623,2.584144824,0.410569248,0.130084553
8.078857858,29.75243,0.20859036,0.080118156
21.97152691,20.58927444,1.319631779,0.815936457
69.67002691,29.68517351,0.584849951,0.072870631
173.8019933,98.61516109,0.442390657,0.055522733
66.02232676,41.01042338,2.388087837,1.771226188
90.96034903,84.21624334,1.414363762,0.926053317
82.26092995,48.80627405,0.437042931,0.056663089
7.206843659,11.19399295,1.410188582,1.544416101
18.60232444,76.28518664,0.654697998,0.878870787
45.92154001,27.57234804,2.120417851,1.349802461
46.67647353,36.05524096,1.884253911,1.371258146
35.50151518,23.00298704,2.215168884,1.589721454
51.81578445,67.1322512,1.022132426,0.676789278
246.4226767,92.25248728,2.713992527,1.37874742
224.7996406,97.00372832,2.905776805,1.8217439
60.54546461,93.59062894,1.590632718,1.955512411
4.54096014,6.976356899,0.612579038,0.288253951
146.2462373,66.39489358,2.211837713,1.110520295
37.05473887,47.99979894,1.355911209,1.190770776
71.09546449,74.23337454,0.792658912,0.328019759
42.59040523,16.98877949,0.689676391,0.094866118
100.1163334,70.56183332,0.619303798,0.135158204
45.40255259,78.74755791,0.902484741,0.70632823
248.1264949,86.94776396,2.965292458,1.54060161
100.6954533,72.20279229,1.401539003,0.7042462
231.5639361,97.43172558,2.691774081,1.524321901
21.96248993,13.50422202,1.393664589,0.597137752
56.09274937,22.87706849,2.520221458,1.295212596
38.92201927,25.74157294,0.472034224,0.073681201
23.33936873,84.33273565,1.017500625,1.870451523
38.83217914,20.94283893,1.862226526,0.935144689
68.20248781,27.53426202,3.0629922,1.893803917
123.9551393,56.34400028,2.382003391,1.289549136
190.8560967,64.48171672,2.810782346,1.334611898
129.1454075,63.01586993,2.745383934,1.838853579
13.62301132,78.39046795,0.830826095,1.986005288
32.88761355,59.13317316,0.428233965,0.16486598
87.11796957,40.67981669,1.920236228,0.860895752
173.4427418,95.03332229,1.895940852,0.984780307
134.0080104,76.62046236,2.49904172,1.785381484
156.3778782,57.63027438,3.048734623,1.712713106
11.00472184,8.149793998,1.857069462,1.277008719
100.5603124,73.82295243,2.021787618,1.500395889
152.8799833,55.9112254,1.125286358,0.231549846
93.90727461,35.36411404,2.34070038,1.031632941
33.28754114,26.59041293,2.079116855,1.726518229
79.21557325,50.80139066,0.801683688,0.206082507
30.63216143,16.80906884,2.367646676,1.538047699
51.33472135,63.1476882,0.607592386,0.227060138
25.05524901,68.14280305,0.591374933,0.4755729
16.72879197,72.71623078,0.941712348,1.927406472
106.4400247,45.55528859,2.429245665,1.262835298
107.4094213,81.49582275,2.194429783,1.826864573
74.46362612,33.13415716,2.993694013,1.993960582
40.04180945,40.66352195,1.22799092,0.765687596
141.1531819,93.52926211,1.188881501,0.468278241
9.466852716,14.91545127,1.576985593,1.959098321
76.26359203,62.37560015,2.034047439,1.69195824
0.408105526,15.94929912,0.273727188,1.464114369
102.30035,72.47676964,2.222473152,1.749704704
139.1903568,99.87101618,1.332543954,0.637035172
84.83306982,33.5670818,3.129075271,1.93709281
12.47174498,77.76245549,0.686745915,1.470296479
34.42480217,16.61918003,2.63273626,1.673103677
97.33275074,87.15562093,0.678258587,0.205966699
162.2534173,59.99872776,2.79079007,1.440033287
51.28786534,46.55047334,1.273041522,0.735469421
204.1362888,90.04169004,2.554943993,1.439647595
46.89095308,42.67551136,1.069561882,0.52056086
241.3393603,97.13901032,2.056026657,0.85073246
0.393068635,0.402649643,1.411034906,1.019775205
203.9510928,81.76907474,2.982026775,1.782609138
0.643687294,19.12615485,0.360625084,1.932122234
74.8535581,78.50311501,0.520747338,0.142199662
44.05618119,79.47703689,1.25547242,1.421736702
127.8998093,91.5069071,1.526933562,0.834054186
92.00575999,40.32822931,2.486393605,1.354889576
38.88590902,28.43426371,1.660035107,1.007521404
17.95627091,22.12793032,1.74074868,1.867096651
25.08754811,18.04459189,2.342662628,1.973687311
236.8173023,90.12787,2.474489771,1.165163867
5.931237113,12.56168108,1.334160059,1.88490016
96.63439977,86.67894889,1.481509562,0.98437552
13.64050656,26.73916744,0.882711687,0.76370413
49.44934222,47.74370071,1.829456797,1.61573406
184.1778138,69.90766073,3.211157245,1.95695395
20.60773698,35.68242963,1.251760654,1.356552833
110.999992,52.65406649,2.147195626,1.093508597
3.030411604,1.553578203,2.032013923,1.05841226
102.9710121,81.70916345,0.564958486,0.126636489
33.61559078,16.30663444,1.76515144,0.755714115
0.476916583,6.528411712,0.222647272,0.339289073
53.90523457,29.48130594,1.611499867,0.71014385
5.636404806,26.9840808,0.682673542,1.11558226
9.743361034,4.372414512,1.206380519,0.326551112
46.03340826,23.38171428,2.695634585,1.845420167
187.2143172,64.67940712,3.291515394,1.871495372
38.65052257,73.56890256,0.633616932,0.382087175
52.04739696,35.27591181,1.284503386,0.559138949
84.21406783,90.50489197,1.738992568,1.624998127
67.67732203,99.0058586,1.067710878,0.833863699
0.086819925,0.696432024,0.39991042,0.641438128
57.30806263,25.25518214,0.321130936,0.022723178
6.287124448,8.78312846,1.516330216,1.606034094
37.71876098,59.92990045,0.963388813,0.737325646
19.4115193,12.85512133,1.756704148,1.021842377
41.344458,54.40871125,0.474637088,0.148232858
62.55769282,44.77664306,1.647350479,0.971209284
115.4065071,75.77179977,2.021414431,1.341399172
25.13875907,26.11594336,1.899461163,1.874099837
8.942438302,13.84893912,1.540047291,1.836532729
12.43424219,12.23216625,0.888725392,0.3884984
24.78026948,16.2105212,1.469694504,0.70650477
64.91275028,99.40739606,0.900630735,0.621086685
232.2781093,89.36213278,1.594381072,0.48898947
73.59956763,60.66473602,1.022683186,0.431035743
56.29835482,30.64003166,1.942450858,1.026747351
79.36002001,46.40299077,1.740479688,0.885629607
12.32200791,21.97584275,1.281382204,1.46416977
120.6937073,52.53101636,2.622589435,1.496793178
5.711469621,4.452871687,0.451023059,0.079297557
8.086471869,12.20623494,0.725758118,0.397535991
37.47799202,92.74314062,0.428145458,0.226807896
14.0340032,18.92726515,1.259141699,1.069117682
33.79948711,73.8785625,0.140150886,0.021466934
96.69294287,37.96129408,2.689947156,1.420377329
1.207397764,72.09032978,0.225566649,1.518960306
30.89809405,18.97226302,2.312888026,1.642353596
70.19804452,53.87388884,2.091045468,1.677838935
76.38062843,86.51456122,1.443629427,1.180286497
291.8975095,97.34032503,1.080700241,0.194734502
101.7679135,35.13474283,1.892280902,0.618111929
164.446193,60.2459193,2.168777112,0.86159597
53.54513608,56.40191228,1.048717375,0.579242919
30.81997441,66.93584592,1.203368981,1.57251252
19.92539096,73.454569,0.708940292,0.926405847
2.288945967,14.58828899,0.249099154,0.1977349
200.707189,86.10711136,1.901458268,0.775567662
12.08375485,6.194489227,1.937716169,0.96239626
25.09690338,58.87407581,0.677483153,0.538357749
125.357144,55.3355944,1.575890855,0.548122671
14.64280308,8.738981279,1.069584765,0.341379162
196.695225,67.43222299,1.84184189,0.581498176
47.25011015,30.82357882,1.729110356,0.975204429
41.79101705,85.62055181,0.936531231,0.898482485
10.76813854,5.533145442,1.327774679,0.452949955
18.28144655,55.8685726,0.471087322,0.339101614
8.114860908,7.282269329,1.223902252,0.672123575
63.61155807,60.16672884,1.50369244,1.069321758
23.46874515,71.28038242,1.042768873,1.651301116
204.6412953,89.61758418,1.305883375,0.373403811
121.1826915,68.61191356,2.220138987,1.395369637
161.1221996,65.78754901,1.756052942,0.629554799
44.27936836,97.96663853,0.80886932,0.723774903
33.60565321,18.74167738,1.172692091,0.383472401
21.91932198,48.85244369,1.29084635,1.856856246
120.3273916,43.72462708,1.299956953,0.307036183
35.63039484,23.82020018,1.979185834,1.309386695
228.2169007,88.33086991,1.372993491,0.364814142
23.47390435,42.47429897,1.25690149,1.42926703
25.25288462,87.70201406,0.709820222,0.874913893
37.32675828,53.00998015,0.760445932,0.41062374
49.24968866,46.27023748,0.421458719,0.083440775
241.9295325,92.31374957,2.461991463,1.156433315
19.30050166,57.09514236,0.466451319,0.321820139
152.063257,50.90889576,1.174470385,0.230899788
26.15601098,27.67153846,1.784866407,1.685168104
77.59332746,79.56776041,1.557131562,1.243178177
16.07144655,8.608905321,1.641057095,0.721290729
15.21342076,31.59133293,1.37559166,1.964672409
47.20368178,76.99818278,1.038436247,0.879496841
15.98098412,7.144705771,2.271164797,1.153049971
18.62613863,58.58003055,0.534615184,0.449447889
6.019020467,6.176122225,1.487994355,1.13595894
28.98676187,16.09780471,2.610200517,1.891841286
9.182844182,15.57428697,1.248737147,1.322339662
4.992260324,1.710459318,1.855248978,0.589644066
103.1900592,89.16128399,2.144420139,1.986681333
0.671065117,3.317607002,0.780038288,1.504049466
37.99457928,87.26752881,0.355313965,0.144985842
105.0112545,75.43868582,0.962728846,0.332917206
5.543166869,75.16363976,0.204575511,0.283744299
183.1129176,73.90526361,2.778356866,1.557766816
64.86530578,26.41231209,1.571315899,0.502679257
23.90387779,18.14773397,1.821890241,1.259993973
132.9519904,89.07190292,1.691327621,0.958233554
12.34838828,4.568757708,2.02038425,0.755137092
68.95873251,49.45825321,0.957112248,0.328507475
103.8900708,36.29343746,2.100715768,0.770830084
55.34234405,50.88732212,0.577626115,0.153396585
12.35267976,5.231850372,2.118224009,0.950184428
2.503288037,40.59966628,0.473033205,1.814533116
9.121111375,31.63984367,0.466827212,0.37798007
82.02769241,57.46144486,2.053448083,1.476908216
133.5511568,57.74127196,1.9741015,0.842456826
96.52790851,47.70463268,1.14228457,0.322423201
82.42662487,47.05734158,1.353387982,0.522846864
125.6027966,62.86900646,2.15957821,1.167199696
224.7053398,78.64862747,2.678528247,1.255567949
150.4360866,66.36923195,2.659773801,1.560537382
130.1470689,49.52928806,1.445809841,0.397759033
100.1021842,42.5645273,1.231544799,0.322459142
107.3226752,94.48724849,0.946826503,0.394632209
21.51081123,17.05488989,1.40472011,0.782243089
47.06069445,49.86237187,1.156029002,0.707981754
24.01213128,8.981120886,3.083907524,1.778576421
49.03060302,35.89954854,1.459135495,0.77944056
25.34152575,16.63827397,2.129089041,1.488103594
61.74690389,52.81643357,1.849103498,1.462333168
150.4000907,87.25659403,2.312102179,1.550722932
118.1804779,63.12133249,2.2144981,1.309637328
114.0484423,58.08482744,2.535521979,1.637110934
123.1245109,53.27099154,2.42841662,1.275741429
14.42645164,12.42015551,2.098773891,1.8961331
188.8324204,97.02612574,1.791792354,0.82481679
23.81533666,27.78142021,1.553004394,1.406737588
29.94957827,24.67341364,0.80304623,0.265637649
6.370203071,87.6178992,0.507992245,1.774695011
5.022461065,11.27744693,0.291490021,0.095391922
8.660441406,36.72240478,0.54694703,0.634237077
150.2993163,75.81020584,0.700975533,0.123921424
